{
  "options": {},
  "solution": {
    "class": {
      "module": "nextmv.sklearn.linear_model",
      "name": "LinearRegressionSolution"
    },
    "attributes": {
      "coef_": [
        -10.009866299810684,
        -239.81564367242237,
        519.84592005446,
        324.38464550232356,
        -792.1756385522286,
        476.7390210052569,
        101.04326793803338,
        177.06323767134643,
        751.2736995571034,
        67.62669218370515
      ],
      "rank_": 10,
      "singular_": [
        2.00604355639472,
        1.2216053690118984,
        1.098164950781531,
        0.9774847330082035,
        0.8137452864786211,
        0.7763485529194518,
        0.7325064179373297,
        0.6585453943089913,
        0.27985715009820583,
        0.09252421211257603
      ],
      "intercept_": 152.13348416289597,
      "n_features_in_": 10
    }
  },
  "statistics": {
    "run": {
      "duration": 0.012169361114501953
    },
    "result": {
      "custom": {
        "score": 0.5177484222203499
      }
    },
    "schema": "v1"
  }
}
