{
  "options": {},
  "solution": {
    "class": {
      "module": "nextmv.sklearn.linear_model",
      "name": "LinearRegressionSolution"
    },
    "attributes": {
      "coef_": [
        -10.009866299810577,
        -239.81564367242328,
        519.8459200544607,
        324.384645502324,
        -792.17563855223,
        476.7390210052571,
        101.0432679380339,
        177.0632376713467,
        751.2736995571039,
        67.62669218370478
      ],
      "rank_": 10,
      "singular_": [
        2.0060435563947197,
        1.2216053690118975,
        1.0981649507815303,
        0.9774847330082023,
        0.8137452864786215,
        0.7763485529194514,
        0.7325064179373297,
        0.6585453943089907,
        0.27985715009820594,
        0.09252421211257605
      ],
      "intercept_": 152.13348416289597,
      "n_features_in_": 10
    }
  },
  "statistics": {
    "run": {
      "duration": 0.006150960922241211
    },
    "result": {
      "custom": {
        "score": 0.5177484222203498
      }
    },
    "schema": "v1"
  }
}
